,Date,Name,Symbol,Share,Weight,WK Change
0,2021-10-23,Apple Inc.,AAPL,"162,716,620",5.97,27.23
1,2021-10-23,Microsoft Corpo..,MSFT,"78,125,940",5.68,43.93
2,2021-10-23,Amazon.com Inc.,AMZN,"4,446,926",4.09,4.73
3,2021-10-23,Facebook Inc. C..,FB,"24,854,552",2.31,16.46
4,2021-10-23,Alphabet Inc. C..,GOOGL,"3,119,565",2.05,73.48
5,2021-10-23,Alphabet Inc. C..,GOOG,"2,953,814",1.99,74.01
6,2021-10-23,Berkshire Hatha..,BRK.B,"19,660,780",1.44,37.62
7,2021-10-23,Tesla Inc,TSLA,"7,994,185",1.42,115.24
8,2021-10-23,NVIDIA Corporat..,NVDA,"6,462,430",1.39,68.03
9,2021-10-23,JPMorgan Chase ..,JPM,"31,400,878",1.28,72.87
10,2021-10-23,Johnson & Johns..,JNJ,"27,316,666",1.21,13.75
11,2021-10-23,Visa Inc. Class..,V,"17,563,342",1.10,16.53
12,2021-10-23,UnitedHealth Gr..,UNH,"9,788,968",1.05,39.15
13,2021-10-23,Home Depot Inc.,HD,"11,029,229",0.93,28.64
14,2021-10-23,PayPal Holdings..,PYPL,"12,185,517",0.93,12.83
15,2021-10-23,Procter & Gambl..,PG,"25,395,964",0.90,-1.69
16,2021-10-23,Mastercard Inco..,MA,"9,078,971",0.89,7.57
17,2021-10-23,Walt Disney Com..,DIS,"18,847,470",0.87,33.79
18,2021-10-23,Bank of America..,BAC,"78,223,510",0.84,97.80
19,2021-10-23,Adobe Inc.,ADBE,"4,963,551",0.77,29.76
20,2021-10-23,Comcast Corpora..,CMCSA,"47,559,010",0.73,21.79
21,2021-10-23,Exxon Mobil Cor..,XOM,"43,914,860",0.73,90.35
22,2021-10-23,Netflix Inc.,NFLX,"4,599,392",0.64,35.93
23,2021-10-23,Verizon Communi..,VZ,"42,945,250",0.64,-6.73
24,2021-10-23,salesforce.com ..,CRM,"9,605,655",0.62,15.08
25,2021-10-23,Intel Corporati..,INTC,"41,886,544",0.62,-7.55
26,2021-10-23,Cisco Systems I..,CSCO,"43,717,330",0.61,41.09
27,2021-10-23,Pfizer Inc.,PFE,"58,065,404",0.60,16.40
28,2021-10-23,Coca-Cola Compa..,KO,"40,252,936",0.57,8.92
29,2021-10-23,Abbott Laborato..,ABT,"18,431,132",0.57,19.63
30,2021-10-23,AT&T Inc.,T,"74,064,060",0.57,-4.60
31,2021-10-23,PepsiCo Inc.,PEP,"14,331,764",0.56,14.59
32,2021-10-23,Chevron Corpora..,CVX,"20,048,832",0.56,59.16
33,2021-10-23,NIKE Inc. Class..,NKE,"13,225,204",0.55,26.31
34,2021-10-23,AbbVie Inc.,ABBV,"18,291,400",0.55,31.67
35,2021-10-23,Thermo Fisher S..,TMO,"4,078,801",0.55,30.55
36,2021-10-23,Merck & Co. Inc..,MRK,"26,265,318",0.54,3.95
37,2021-10-23,Accenture Plc C..,ACN,"6,593,828",0.53,51.78
38,2021-10-23,Walmart Inc.,WMT,"14,242,780",0.52,2.73
39,2021-10-23,Broadcom Inc.,AVGO,"4,228,662",0.52,38.53
40,2021-10-23,Eli Lilly and C..,LLY,"8,256,935",0.51,72.49
41,2021-10-23,Wells Fargo & C..,WFC,"42,821,508",0.51,123.17
42,2021-10-23,Texas Instrumen..,TXN,"9,579,771",0.48,36.23
43,2021-10-23,Costco Wholesal..,COST,"4,584,800",0.48,27.57
44,2021-10-23,McDonald's Corp..,MCD,"7,740,268",0.47,4.49
45,2021-10-23,Danaher Corpora..,DHR,"6,584,990",0.47,38.33
46,2021-10-23,Medtronic Plc,MDT,"13,962,952",0.46,12.69
47,2021-10-23,Qualcomm Inc,QCOM,"11,701,061",0.44,2.39
48,2021-10-23,Philip Morris I..,PM,"16,166,733",0.42,31.24
49,2021-10-23,Honeywell Inter..,HON,"7,203,796",0.42,25.76
50,2021-10-23,United Parcel S..,UPS,"7,502,923",0.42,17.99
51,2021-10-23,Linde plc,LIN,"5,414,977",0.41,36.05
52,2021-10-23,Bristol-Myers S..,BMY,"23,205,266",0.41,-4.05
53,2021-10-23,Union Pacific C..,UNP,"6,890,691",0.41,19.10
54,2021-10-23,Oracle Corporat..,ORCL,"18,843,952",0.40,64.66
55,2021-10-23,Citigroup Inc.,C,"21,441,712",0.40,65.94
56,2021-10-23,NextEra Energy ..,NEE,"20,301,070",0.40,13.44
57,2021-10-23,Amgen Inc.,AMGN,"5,981,882",0.39,-8.62
58,2021-10-23,Lowe's Companie..,LOW,"7,332,912",0.38,31.10
59,2021-10-23,Morgan Stanley,MS,"15,440,027",0.37,102.06
60,2021-10-23,Intuit Inc.,INTU,"2,836,317",0.37,77.53
61,2021-10-23,Starbucks Corpo..,SBUX,"12,194,577",0.37,29.77
62,2021-10-23,Raytheon Techno..,RTX,"15,734,181",0.36,52.21
63,2021-10-23,Boeing Company,BA,"5,702,380",0.35,29.97
64,2021-10-23,Goldman Sachs G..,GS,"3,528,940",0.35,104.19
65,2021-10-23,BlackRock Inc.,BLK,"1,470,064",0.34,44.09
66,2021-10-23,Applied Materia..,AMAT,"9,503,059",0.34,118.85
67,2021-10-23,International B..,IBM,"9,253,553",0.34,11.14
68,2021-10-23,American Tower ..,AMT,"4,716,659",0.34,17.67
69,2021-10-23,Target Corporat..,TGT,"5,131,742",0.33,56.73
70,2021-10-23,Caterpillar Inc..,CAT,"5,682,322",0.32,19.86
71,2021-10-23,General Electri..,GE,"90,800,640",0.32,77.68
72,2021-10-23,3M Company,MMM,"5,997,293",0.31,6.87
73,2021-10-23,Advanced Micro ..,AMD,"12,603,582",0.31,51.29
74,2021-10-23,Intuitive Surgi..,ISRG,"1,228,398",0.30,40.64
75,2021-10-23,Deere & Company,DE,"3,245,564",0.30,44.12
76,2021-10-23,American Expres..,AXP,"6,758,244",0.30,84.44
77,2021-10-23,Charles Schwab ..,SCHW,"15,558,240",0.30,114.62
78,2021-10-23,ServiceNow Inc.,NOW,"2,048,050",0.30,34.56
79,2021-10-23,CVS Health Corp..,CVS,"13,656,975",0.29,47.76
80,2021-10-23,Charter Communi..,CHTR,"1,428,547",0.27,20.75
81,2021-10-23,S&P Global Inc.,SPGI,"2,493,146",0.27,33.32
82,2021-10-23,Anthem Inc.,ANTM,"2,536,671",0.26,46.32
83,2021-10-23,Lockheed Martin..,LMT,"2,537,060",0.25,2.03
84,2021-10-23,Booking Holding..,BKNG,"424,294",0.25,40.69
85,2021-10-23,Zoetis Inc. Cla..,ZTS,"4,921,668",0.25,29.36
86,2021-10-23,Fidelity Nation..,FIS,"6,433,352",0.25,-11.58
87,2021-10-23,Lam Research Co..,LRCX,"1,480,199",0.24,51.86
88,2021-10-23,Micron Technolo..,MU,"11,632,665",0.24,26.64
89,2021-10-23,Prologis Inc.,PLD,"7,659,895",0.24,40.28
90,2021-10-23,Mondelez Intern..,MDLZ,"14,624,982",0.24,6.51
91,2021-10-23,Altria Group In..,MO,"19,250,392",0.24,25.21
92,2021-10-23,Gilead Sciences..,GILD,"13,015,394",0.24,11.68
93,2021-10-23,Stryker Corpora..,SYK,"3,390,060",0.24,24.82
94,2021-10-23,Automatic Data ..,ADP,"4,432,098",0.23,48.28
95,2021-10-23,T-Mobile US Inc..,TMUS,"6,078,796",0.23,3.96
96,2021-10-23,ConocoPhillips,COP,"14,031,067",0.23,147.13
97,2021-10-23,Crown Castle In..,CCI,"4,467,869",0.23,9.36
98,2021-10-23,TJX Companies I..,TJX,"12,510,085",0.22,16.70
99,2021-10-23,Cigna Corporati..,CI,"3,559,459",0.22,23.97
100,2021-10-23,PNC Financial S..,PNC,"4,392,249",0.22,95.30
101,2021-10-23,U.S. Bancorp,USB,"14,156,155",0.21,61.62
102,2021-10-23,CME Group Inc. ..,CME,"3,718,900",0.21,32.42
103,2021-10-23,Duke Energy Cor..,DUK,"7,961,987",0.21,12.18
104,2021-10-23,Truist Financia..,TFC,"13,953,451",0.20,53.79
105,2021-10-23,General Motors ..,GM,"13,242,165",0.20,61.50
106,2021-10-23,CSX Corporation,CSX,"23,689,716",0.20,34.98
107,2021-10-23,Estee Lauder Co..,EL,"2,405,679",0.20,40.83
108,2021-10-23,FedEx Corporati..,FDX,"2,532,275",0.20,-17.46
109,2021-10-23,Activision Bliz..,ATVI,"8,025,522",0.20,-3.26
110,2021-10-23,Chubb Limited,CB,"4,663,279",0.20,46.71
111,2021-10-23,Marsh & McLenna..,MMC,"5,262,899",0.20,51.00
112,2021-10-23,Becton Dickinso..,BDX,"3,008,887",0.20,4.52
113,2021-10-23,Equinix Inc.,EQIX,"929,316",0.19,2.22
114,2021-10-23,Capital One Fin..,COF,"4,683,384",0.19,127.67
115,2021-10-23,Colgate-Palmoli..,CL,"8,786,542",0.19,-5.86
116,2021-10-23,Illumina Inc.,ILMN,"1,512,088",0.19,28.72
117,2021-10-23,Norfolk Souther..,NSC,"2,608,057",0.19,34.80
118,2021-10-23,Intercontinenta..,ICE,"5,817,272",0.18,32.30
119,2021-10-23,Edwards Lifesci..,EW,"6,471,851",0.18,39.45
120,2021-10-23,Sherwin-William..,SHW,"2,482,886",0.18,36.46
121,2021-10-23,Autodesk Inc.,ADSK,"2,279,126",0.18,21.48
122,2021-10-23,Fiserv Inc.,FISV,"6,169,650",0.18,10.89
123,2021-10-23,Southern Compan..,SO,"10,942,406",0.18,6.93
124,2021-10-23,Illinois Tool W..,ITW,"2,983,684",0.18,10.82
125,2021-10-23,Air Products an..,APD,"2,291,334",0.17,-0.69
126,2021-10-23,Analog Devices ..,ADI,"3,823,062",0.17,43.01
127,2021-10-23,Boston Scientif..,BSX,"14,688,316",0.17,20.70
128,2021-10-23,Regeneron Pharm..,REGN,"1,091,128",0.17,-0.01
129,2021-10-23,Eaton Corp. Plc,ETN,"4,126,135",0.16,49.96
130,2021-10-23,Dominion Energy..,D,"8,343,113",0.16,-3.66
131,2021-10-23,Moody's Corpora..,MCO,"1,667,695",0.16,37.70
132,2021-10-23,Emerson Electri..,EMR,"6,218,423",0.16,39.63
133,2021-10-23,Ford Motor Comp..,F,"40,504,320",0.16,107.39
134,2021-10-23,Humana Inc.,HUM,"1,335,527",0.16,5.63
135,2021-10-23,Progressive Cor..,PGR,"6,065,700",0.16,2.16
136,2021-10-23,Global Payments..,GPN,"3,059,856",0.16,-9.20
137,2021-10-23,HCA Healthcare ..,HCA,"2,746,943",0.15,86.14
138,2021-10-23,NXP Semiconduct..,NXPI,"2,870,390",0.15,47.16
139,2021-10-23,IDEXX Laborator..,IDXX,"885,265",0.15,55.30
140,2021-10-23,Northrop Grumma..,NOC,"1,552,686",0.15,31.73
141,2021-10-23,Waste Managemen..,WM,"4,034,595",0.15,44.01
142,2021-10-23,Twitter Inc.,TWTR,"8,271,794",0.15,23.89
143,2021-10-23,Aon Plc Class A,AON,"2,341,997",0.15,55.41
144,2021-10-23,Freeport-McMoRa..,FCX,"15,105,556",0.15,112.58
145,2021-10-23,Biogen Inc.,BIIB,"1,561,834",0.14,-1.53
146,2021-10-23,Ecolab Inc.,ECL,"2,577,673",0.14,8.98
147,2021-10-23,Vertex Pharmace..,VRTX,"2,694,109",0.14,-13.18
148,2021-10-23,Dollar General ..,DG,"2,450,056",0.14,0.20
149,2021-10-23,Newmont Corpora..,NEM,"8,294,664",0.14,-6.29
150,2021-10-23,EOG Resources I..,EOG,"6,048,287",0.14,161.96
151,2021-10-23,Johnson Control..,JCI,"7,463,772",0.14,68.96
152,2021-10-23,Roper Technolog..,ROP,"1,087,676",0.13,15.60
153,2021-10-23,KLA Corporation,KLAC,"1,596,398",0.13,66.28
154,2021-10-23,IQVIA Holdings ..,IQV,"1,982,514",0.13,51.78
155,2021-10-23,Dow Inc.,DOW,"7,722,126",0.13,20.29
156,2021-10-23,T. Rowe Price G..,TROW,"2,359,745",0.13,41.68
157,2021-10-23,Public Storage,PSA,"1,574,946",0.12,40.05
158,2021-10-23,Schlumberger NV,SLB,"14,489,497",0.12,125.92
159,2021-10-23,TE Connectivity..,TEL,"3,429,264",0.12,39.38
160,2021-10-23,Kimberly-Clark ..,KMB,"3,503,025",0.12,-10.34
161,2021-10-23,MetLife Inc.,MET,"7,788,890",0.12,68.34
162,2021-10-23,Agilent Technol..,A,"3,157,712",0.12,50.69
163,2021-10-23,eBay Inc.,EBAY,"6,699,653",0.12,52.57
164,2021-10-23,L3Harris Techno..,LHX,"2,130,421",0.12,44.12
165,2021-10-23,Ross Stores Inc..,ROST,"3,689,920",0.12,19.77
166,2021-10-23,Align Technolog..,ALGN,"746,164",0.12,75.86
167,2021-10-23,MSCI Inc. Class..,MSCI,"855,918",0.12,85.45
168,2021-10-23,Trane Technolog..,TT,"2,471,349",0.12,40.58
169,2021-10-23,Chipotle Mexica..,CMG,"291,638",0.12,31.14
170,2021-10-23,Exelon Corporat..,EXC,"10,119,298",0.12,21.76
171,2021-10-23,General Dynamic..,GD,"2,402,513",0.12,53.37
172,2021-10-23,Aptiv PLC,APTV,"2,798,497",0.12,69.38
173,2021-10-23,Centene Corpora..,CNC,"6,027,762",0.12,4.94
174,2021-10-23,Simon Property ..,SPG,"3,404,779",0.12,126.04
175,2021-10-23,Synopsys Inc.,SNPS,"1,579,250",0.12,41.18
176,2021-10-23,Sempra Energy,SRE,"3,268,390",0.12,1.45
177,2021-10-23,DuPont de Nemou..,DD,"5,578,348",0.12,22.93
178,2021-10-23,IHS Markit Ltd.,INFO,"3,864,284",0.12,52.75
179,2021-10-23,American Electr..,AEP,"5,147,398",0.11,-5.33
180,2021-10-23,Digital Realty ..,DLR,"2,910,856",0.11,1.30
181,2021-10-23,Amphenol Corpor..,APH,"6,209,347",0.11,37.99
182,2021-10-23,American Intern..,AIG,"8,961,082",0.11,89.49
183,2021-10-23,DexCom Inc.,DXCM,"996,845",0.11,46.08
184,2021-10-23,Bank of New Yor..,BK,"8,361,384",0.11,61.77
185,2021-10-23,Baxter Internat..,BAX,"5,234,160",0.11,0.55
186,2021-10-23,Electronic Arts..,EA,"2,980,769",0.11,10.51
187,2021-10-23,Alexion Pharmac..,ALXN,"2,278,499",0.11,54.41
188,2021-10-23,Prudential Fina..,PRU,"4,113,604",0.11,72.35
189,2021-10-23,O'Reilly Automo..,ORLY,"727,457",0.11,42.40
190,2021-10-23,Microchip Techn..,MCHP,"2,837,306",0.11,36.13
191,2021-10-23,PPG Industries ..,PPG,"2,455,897",0.11,20.66
192,2021-10-23,Allstate Corpor..,ALL,"3,137,914",0.11,41.03
193,2021-10-23,Parker-Hannifin..,PH,"1,337,773",0.11,34.56
194,2021-10-23,Marathon Petrol..,MPC,"6,748,901",0.11,134.28
195,2021-10-23,Carrier Global ..,CARR,"8,468,494",0.11,63.90
196,2021-10-23,Constellation B..,STZ,"1,762,126",0.11,22.13
197,2021-10-23,Sysco Corporati..,SYY,"5,290,026",0.11,23.32
198,2021-10-23,Pioneer Natural..,PXD,"2,404,175",0.11,144.29
199,2021-10-23,Cadence Design ..,CDNS,"2,891,138",0.10,49.92
200,2021-10-23,Phillips 66,PSX,"4,527,267",0.10,70.14
201,2021-10-23,Travelers Compa..,TRV,"2,613,772",0.10,29.90
202,2021-10-23,Marriott Intern..,MAR,"2,757,236",0.10,62.64
203,2021-10-23,Motorola Soluti..,MSI,"1,752,026",0.10,46.36
204,2021-10-23,International F..,IFF,"2,577,994",0.10,31.57
205,2021-10-23,Cognizant Techn..,CTSH,"5,498,543",0.10,8.38
206,2021-10-23,HP Inc.,HPQ,"12,460,849",0.10,58.53
207,2021-10-23,Discover Financ..,DFS,"3,178,423",0.10,106.57
208,2021-10-23,General Mills I..,GIS,"6,336,298",0.10,2.80
209,2021-10-23,ResMed Inc.,RMD,"1,507,823",0.10,49.33
210,2021-10-23,TransDigm Group..,TDG,"566,704",0.10,34.23
211,2021-10-23,Kinder Morgan I..,KMI,"20,177,922",0.10,41.02
212,2021-10-23,Xcel Energy Inc..,XEL,"5,582,796",0.10,-8.36
213,2021-10-23,Cummins Inc.,CMI,"1,533,430",0.10,8.31
214,2021-10-23,Xilinx Inc.,XLNX,"2,547,183",0.10,55.07
215,2021-10-23,Welltower Inc.,WELL,"4,325,746",0.10,50.88
216,2021-10-23,SBA Communicati..,SBAC,"1,132,852",0.10,12.48
217,2021-10-23,Hilton Worldwid..,HLT,"2,877,372",0.10,59.22
218,2021-10-23,Yum! Brands Inc..,YUM,"3,109,355",0.10,27.76
219,2021-10-23,Paychex Inc.,PAYX,"3,326,346",0.09,49.81
220,2021-10-23,Aflac Incorpora..,AFL,"6,634,545",0.09,54.27
221,2021-10-23,Walgreens Boots..,WBA,"7,432,808",0.09,31.05
222,2021-10-23,Zimmer Biomet H..,ZBH,"2,154,483",0.09,6.06
223,2021-10-23,Archer-Daniels-..,ADM,"5,787,510",0.09,30.33
224,2021-10-23,Cintas Corporat..,CTAS,"914,334",0.09,26.02
225,2021-10-23,Otis Worldwide ..,OTIS,"4,223,865",0.09,34.38
226,2021-10-23,Monster Beverag..,MNST,"3,831,789",0.09,5.79
227,2021-10-23,Fortinet Inc.,FTNT,"1,403,450",0.09,157.96
228,2021-10-23,AutoZone Inc.,AZO,"224,354",0.09,55.58
229,2021-10-23,Stanley Black &..,SWK,"1,667,217",0.09,7.86
230,2021-10-23,First Republic ..,FRC,"1,813,834",0.09,70.37
231,2021-10-23,Rockwell Automa..,ROK,"1,203,630",0.09,33.56
232,2021-10-23,Corteva Inc,CTVA,"7,709,531",0.09,29.94
233,2021-10-23,Mettler-Toledo ..,MTD,"242,653",0.09,42.43
234,2021-10-23,Williams Compan..,WMB,"12,580,082",0.09,48.45
235,2021-10-23,Valero Energy C..,VLO,"4,234,527",0.09,99.78
236,2021-10-23,Southwest Airli..,LUV,"6,122,038",0.09,19.55
237,2021-10-23,Corning Inc,GLW,"7,962,879",0.09,9.23
238,2021-10-23,Skyworks Soluti..,SWKS,"1,708,919",0.09,9.79
239,2021-10-23,AMETEK Inc.,AME,"2,389,584",0.08,22.39
240,2021-10-23,SVB Financial G..,SIVB,"563,393",0.08,171.49
241,2021-10-23,PACCAR Inc,PCAR,"3,595,891",0.08,-4.30
242,2021-10-23,McKesson Corpor..,MCK,"1,647,508",0.08,37.00
243,2021-10-23,D.R. Horton Inc..,DHI,"3,429,286",0.08,21.17
244,2021-10-23,ANSYS Inc.,ANSS,"895,868",0.08,12.87
245,2021-10-23,Public Service ..,PEG,"5,235,009",0.08,7.26
246,2021-10-23,Fastenal Compan..,FAST,"5,952,323",0.08,27.56
247,2021-10-23,Willis Towers W..,WLTW,"1,336,594",0.08,18.34
248,2021-10-23,State Street Co..,STT,"3,644,917",0.08,55.31
249,2021-10-23,Equifax Inc.,EFX,"1,262,377",0.08,65.25
250,2021-10-23,AvalonBay Commu..,AVB,"1,445,993",0.08,59.46
251,2021-10-23,Ameriprise Fina..,AMP,"1,209,657",0.08,78.83
252,2021-10-23,Kroger Co.,KR,"7,889,451",0.08,20.70
253,2021-10-23,Verisk Analytic..,VRSK,"1,687,211",0.08,13.10
254,2021-10-23,Zebra Technolog..,ZBRA,"554,358",0.08,80.88
255,2021-10-23,CBRE Group Inc...,CBRE,"3,478,487",0.08,120.87
256,2021-10-23,Arthur J. Galla..,AJG,"2,125,437",0.08,53.48
257,2021-10-23,Nucor Corporati..,NUE,"3,088,835",0.08,111.25
258,2021-10-23,Keysight Techno..,KEYS,"1,928,125",0.08,66.72
259,2021-10-23,American Water ..,AWK,"1,880,450",0.08,15.47
260,2021-10-23,WEC Energy Grou..,WEC,"3,269,189",0.08,-9.33
261,2021-10-23,Delta Air Lines..,DAL,"6,614,454",0.08,26.16
262,2021-10-23,Copart Inc.,CPRT,"2,155,502",0.08,32.87
263,2021-10-23,Maxim Integrate..,MXIM,"2,777,980",0.08,40.36
264,2021-10-23,Lennar Corporat..,LEN,"2,845,228",0.08,25.48
265,2021-10-23,Eversource Ener..,ES,"3,554,838",0.08,-6.06
266,2021-10-23,Fifth Third Ban..,FITB,"7,368,119",0.07,93.57
267,2021-10-23,Occidental Petr..,OXY,"8,689,738",0.07,251.24
268,2021-10-23,Laboratory Corp..,LH,"1,011,796",0.07,38.88
269,2021-10-23,V.F. Corporatio..,VFC,"3,327,975",0.07,-2.76
270,2021-10-23,West Pharmaceut..,WST,"767,663",0.07,48.09
271,2021-10-23,Equity Resident..,EQR,"3,553,686",0.07,69.10
272,2021-10-23,Ball Corporatio..,BLL,"3,398,529",0.07,-0.61
273,2021-10-23,ViacomCBS Inc. ..,VIAC,"6,281,919",0.07,31.75
274,2021-10-23,LyondellBasell ..,LYB,"2,666,715",0.07,27.16
275,2021-10-23,Synchrony Finan..,SYF,"5,628,381",0.07,83.13
276,2021-10-23,Kraft Heinz Com..,KHC,"6,719,030",0.07,15.71
277,2021-10-23,Generac Holding..,GNRC,"651,481",0.07,129.03
278,2021-10-23,Kansas City Sou..,KSU,"941,856",0.07,67.69
279,2021-10-23,Best Buy Co. In..,BBY,"2,312,225",0.07,-0.25
280,2021-10-23,Weyerhaeuser Co..,WY,"7,750,084",0.07,24.38
281,2021-10-23,ONEOK Inc.,OKE,"4,612,134",0.07,127.96
282,2021-10-23,Hershey Company,HSY,"1,518,726",0.07,25.09
283,2021-10-23,Enphase Energy ..,ENPH,"1,407,615",0.07,74.04
284,2021-10-23,Alexandria Real..,ARE,"1,423,061",0.07,30.08
285,2021-10-23,Realty Income C..,O,"3,869,806",0.07,20.22
286,2021-10-23,Etsy Inc.,ETSY,"1,318,499",0.07,81.39
287,2021-10-23,CDW Corp.,CDW,"1,461,180",0.07,48.61
288,2021-10-23,Consolidated Ed..,ED,"3,549,193",0.07,-5.28
289,2021-10-23,Old Dominion Fr..,ODFL,"993,590",0.07,63.91
290,2021-10-23,Cerner Corporat..,CERN,"3,173,372",0.07,-1.03
291,2021-10-23,Northern Trust ..,NTRS,"2,159,042",0.07,46.11
292,2021-10-23,International P..,IP,"4,073,799",0.07,14.09
293,2021-10-23,Hess Corporatio..,HES,"2,832,074",0.07,138.34
294,2021-10-23,Fortive Corp.,FTV,"3,503,717",0.06,13.04
295,2021-10-23,Expedia Group I..,EXPE,"1,467,118",0.06,74.40
296,2021-10-23,Republic Servic..,RSG,"2,181,265",0.06,45.38
297,2021-10-23,Dollar Tree Inc..,DLTR,"2,436,868",0.06,8.76
298,2021-10-23,United Rentals ..,URI,"748,558",0.06,97.08
299,2021-10-23,VeriSign Inc.,VRSN,"1,031,129",0.06,6.42
300,2021-10-23,Vulcan Material..,VMC,"1,373,644",0.06,27.96
301,2021-10-23,Clorox Company,CLX,"1,303,180",0.06,-23.61
302,2021-10-23,Extra Space Sto..,EXR,"1,387,226",0.06,61.19
303,2021-10-23,Hartford Financ..,HIG,"3,705,025",0.06,83.42
304,2021-10-23,Qorvo Inc.,QRVO,"1,173,487",0.06,24.21
305,2021-10-23,Waters Corporat..,WAT,"643,982",0.06,69.61
306,2021-10-23,McCormick & Com..,MKC,"2,580,377",0.06,-17.34
307,2021-10-23,Garmin Ltd.,GRMN,"1,548,613",0.06,67.85
308,2021-10-23,Gartner Inc.,IT,"892,991",0.06,153.76
309,2021-10-23,Tractor Supply ..,TSCO,"1,205,185",0.06,39.63
310,2021-10-23,Dover Corporati..,DOV,"1,488,894",0.06,48.78
311,2021-10-23,Xylem Inc.,XYL,"1,869,091",0.06,41.85
312,2021-10-23,Martin Marietta..,MLM,"645,602",0.06,48.82
313,2021-10-23,CarMax Inc.,KMX,"1,684,594",0.06,59.70
314,2021-10-23,PPL Corporation,PPL,"7,969,919",0.06,4.41
315,2021-10-23,Tyson Foods Inc..,TSN,"3,054,708",0.06,39.43
316,2021-10-23,Expeditors Inte..,EXPD,"1,755,394",0.06,31.19
317,2021-10-23,DTE Energy Comp..,DTE,"2,008,221",0.06,-4.50
318,2021-10-23,FLEETCOR Techno..,FLT,"864,425",0.06,11.70
319,2021-10-23,Edison Internat..,EIX,"3,931,115",0.06,2.37
320,2021-10-23,Western Digital..,WDC,"3,171,005",0.06,35.64
321,2021-10-23,Ventas Inc.,VTR,"3,883,230",0.06,33.78
322,2021-10-23,Teradyne Inc.,TER,"1,727,146",0.06,26.12
323,2021-10-23,Caesars Enterta..,CZR,"2,158,599",0.06,113.63
324,2021-10-23,Huntington Banc..,HBAN,"15,271,205",0.06,72.14
325,2021-10-23,Halliburton Com..,HAL,"9,212,777",0.06,104.34
326,2021-10-23,Church & Dwight..,CHD,"2,540,046",0.06,-8.15
327,2021-10-23,Carnival Corpor..,CCL,"8,268,679",0.06,53.94
328,2021-10-23,Trimble Inc.,TRMB,"2,600,636",0.06,71.70
329,2021-10-23,Ameren Corporat..,AEE,"2,651,062",0.06,3.63
330,2021-10-23,Nasdaq Inc.,NDAQ,"1,195,208",0.06,52.39
331,2021-10-23,STERIS Plc,STE,"1,010,353",0.06,26.54
332,2021-10-23,Take-Two Intera..,TTWO,"1,193,745",0.06,9.85
333,2021-10-23,Entergy Corpora..,ETR,"2,077,739",0.06,-2.11
334,2021-10-23,FirstEnergy Cor..,FE,"5,629,768",0.06,16.76
335,2021-10-23,KeyCorp,KEY,"10,041,331",0.05,93.56
336,2021-10-23,Cooper Companie..,COO,"509,419",0.05,19.56
337,2021-10-23,Arista Networks..,ANET,"567,944",0.05,82.22
338,2021-10-23,Albemarle Corpo..,ALB,"1,208,821",0.05,141.48
339,2021-10-23,Essex Property ..,ESS,"673,523",0.05,67.74
340,2021-10-23,Ulta Beauty Inc,ULTA,"583,378",0.05,59.52
341,2021-10-23,W.W. Grainger I..,GWW,"455,857",0.05,17.03
342,2021-10-23,Teledyne Techno..,TDY,"481,147",0.05,35.78
343,2021-10-23,Citizens Financ..,CFG,"4,406,082",0.05,82.50
344,2021-10-23,Mid-America Apa..,MAA,"1,185,358",0.05,71.18
345,2021-10-23,Regions Financi..,RF,"9,956,448",0.05,88.35
346,2021-10-23,Darden Restaura..,DRI,"1,350,784",0.05,48.84
347,2021-10-23,Akamai Technolo..,AKAM,"1,691,340",0.05,-1.00
348,2021-10-23,Teleflex Incorp..,TFX,"484,241",0.05,4.86
349,2021-10-23,Hewlett Packard..,HPE,"13,436,514",0.05,64.81
350,2021-10-23,Broadridge Fina..,BR,"1,200,028",0.05,27.38
351,2021-10-23,Catalent Inc,CTLT,"1,766,846",0.05,43.63
352,2021-10-23,Tyler Technolog..,TYL,"420,648",0.05,32.98
353,2021-10-23,Paycom Software..,PAYC,"508,686",0.05,42.48
354,2021-10-23,Royal Caribbean..,RCL,"2,268,897",0.05,39.45
355,2021-10-23,Pool Corporatio..,POOL,"417,024",0.05,41.33
356,2021-10-23,M&T Bank Corpor..,MTB,"1,332,892",0.05,61.45
357,2021-10-23,Charles River L..,CRL,"516,231",0.05,83.60
358,2021-10-23,Genuine Parts C..,GPC,"1,496,535",0.05,30.40
359,2021-10-23,NetApp Inc.,NTAP,"2,306,938",0.05,98.74
360,2021-10-23,Domino's Pizza ..,DPZ,"402,183",0.05,19.07
361,2021-10-23,Ingersoll Rand ..,IR,"3,862,833",0.05,45.46
362,2021-10-23,Amcor PLC,AMCR,"16,182,948",0.05,9.75
363,2021-10-23,Healthpeak Prop..,PEAK,"5,583,148",0.05,26.67
364,2021-10-23,Duke Realty Cor..,DRE,"3,873,008",0.05,44.10
365,2021-10-23,Quest Diagnosti..,DGX,"1,382,368",0.05,19.26
366,2021-10-23,MGM Resorts Int..,MGM,"4,255,872",0.05,124.33
367,2021-10-23,Viatris Inc.,VTRS,"12,510,676",0.05,-7.93
368,2021-10-23,Diamondback Ene..,FANG,"1,874,111",0.05,294.55
369,2021-10-23,NVR Inc.,NVR,"35,850",0.05,14.86
370,2021-10-23,Cincinnati Fina..,CINF,"1,553,656",0.05,44.96
371,2021-10-23,Celanese Corpor..,CE,"1,182,668",0.05,44.99
372,2021-10-23,MarketAxess Hol..,MKTX,"393,654",0.05,-25.56
373,2021-10-23,Conagra Brands ..,CAG,"5,061,710",0.05,-10.11
374,2021-10-23,Seagate Technol..,STX,"2,080,998",0.05,68.76
375,2021-10-23,AES Corporation,AES,"6,922,231",0.05,23.35
376,2021-10-23,Hologic Inc.,HOLX,"2,669,521",0.05,11.78
377,2021-10-23,PerkinElmer Inc..,PKI,"1,161,361",0.05,42.96
378,2021-10-23,Las Vegas Sands..,LVS,"3,404,308",0.05,-17.28
379,2021-10-23,Avery Dennison ..,AVY,"860,440",0.05,52.57
380,2021-10-23,Omnicom Group I..,OMC,"2,228,787",0.05,37.79
381,2021-10-23,Devon Energy Co..,DVN,"6,138,243",0.05,368.60
382,2021-10-23,L Brands Inc.,LB,"2,421,931",0.05,148.35
383,2021-10-23,CMS Energy Corp..,CMS,"2,989,380",0.05,-6.32
384,2021-10-23,Jacobs Engineer..,J,"1,347,953",0.05,40.21
385,2021-10-23,AmerisourceBerg..,ABC,"1,527,602",0.05,26.18
386,2021-10-23,Baker Hughes Co..,BKR,"7,554,728",0.05,75.50
387,2021-10-23,Cardinal Health..,CAH,"3,042,694",0.05,3.64
388,2021-10-23,United Airlines..,UAL,"3,302,214",0.05,31.49
389,2021-10-23,IDEX Corporatio..,IEX,"786,372",0.05,16.08
390,2021-10-23,Boston Properti..,BXP,"1,469,678",0.04,54.94
391,2021-10-23,Kellogg Company,K,"2,637,024",0.04,-5.84
392,2021-10-23,Raymond James F..,RJF,"1,271,875",0.04,95.67
393,2021-10-23,Principal Finan..,PFG,"2,627,448",0.04,69.02
394,2021-10-23,Monolithic Powe..,MPWR,"439,950",0.04,64.20
395,2021-10-23,Eastman Chemica..,EMN,"1,407,816",0.04,26.03
396,2021-10-23,NortonLifeLock ..,NLOK,"6,030,579",0.04,28.16
397,2021-10-23,Textron Inc.,TXT,"2,351,626",0.04,116.10
398,2021-10-23,Incyte Corporat..,INCY,"1,936,161",0.04,-25.74
399,2021-10-23,PTC Inc.,PTC,"1,089,292",0.04,47.29
400,2021-10-23,Masco Corporati..,MAS,"2,664,415",0.04,8.73
401,2021-10-23,UDR Inc.,UDR,"3,073,440",0.04,69.62
402,2021-10-23,PulteGroup Inc.,PHM,"2,755,996",0.04,9.90
403,2021-10-23,Citrix Systems ..,CTXS,"1,274,721",0.04,-26.75
404,2021-10-23,Westinghouse Ai..,WAB,"1,840,525",0.04,48.79
405,2021-10-23,CenterPoint Ene..,CNP,"6,021,483",0.04,23.27
406,2021-10-23,Bio-Rad Laborat..,BIO,"223,301",0.04,34.70
407,2021-10-23,ABIOMED Inc.,ABMD,"468,868",0.04,29.19
408,2021-10-23,J.M. Smucker Co..,SJM,"1,136,569",0.04,7.49
409,2021-10-23,Alliant Energy ..,LNT,"2,589,684",0.04,3.13
410,2021-10-23,LKQ Corporation,LKQ,"2,891,915",0.04,75.55
411,2021-10-23,FMC Corporation,FMC,"1,340,532",0.04,-12.90
412,2021-10-23,DENTSPLY SIRONA..,XRAY,"2,269,866",0.04,27.65
413,2021-10-23,Evergy Inc.,EVRG,"2,352,709",0.04,15.66
414,2021-10-23,Whirlpool Corpo..,WHR,"650,414",0.04,8.44
415,2021-10-23,WestRock Compan..,WRK,"2,731,156",0.04,20.51
416,2021-10-23,Advance Auto Pa..,AAP,"678,980",0.04,50.26
417,2021-10-23,J.B. Hunt Trans..,JBHT,"865,378",0.04,56.33
418,2021-10-23,American Airlin..,AAL,"6,653,132",0.04,50.26
419,2021-10-23,Fortune Brands ..,FBHS,"1,437,192",0.04,11.99
420,2021-10-23,Leidos Holdings..,LDOS,"1,382,281",0.04,20.67
421,2021-10-23,Brown-Forman Co..,BF.B,"1,893,301",0.04,-7.02
422,2021-10-23,Lumen Technolog..,LUMN,"10,232,872",0.04,29.19
423,2021-10-23,Howmet Aerospac..,HWM,"4,044,603",0.04,67.92
424,2021-10-23,Hormel Foods Co..,HRL,"2,911,247",0.04,-14.74
425,2021-10-23,Packaging Corpo..,PKG,"982,864",0.04,13.83
426,2021-10-23,Interpublic Gro..,IPG,"4,049,119",0.04,97.65
427,2021-10-23,Wynn Resorts Li..,WYNN,"1,090,376",0.03,22.31
428,2021-10-23,Allegion PLC,ALLE,"940,176",0.03,28.51
429,2021-10-23,Atmos Energy Co..,ATO,"1,355,478",0.03,-1.57
430,2021-10-23,Cboe Global Mar..,CBOE,"1,111,080",0.03,61.47
431,2021-10-23,Jack Henry & As..,JKHY,"788,076",0.03,9.59
432,2021-10-23,C.H. Robinson W..,CHRW,"1,386,443",0.03,-1.06
433,2021-10-23,Live Nation Ent..,LYV,"1,487,223",0.03,82.22
434,2021-10-23,Loews Corporati..,L,"2,351,019",0.03,61.69
435,2021-10-23,Fox Corporation..,FOXA,"3,463,385",0.03,60.03
436,2021-10-23,Quanta Services..,PWR,"1,434,261",0.03,91.75
437,2021-10-23,Hasbro Inc.,HAS,"1,323,658",0.03,2.93
438,2021-10-23,Iron Mountain I..,IRM,"2,988,660",0.03,68.01
439,2021-10-23,Host Hotels & R..,HST,"7,310,532",0.03,52.99
440,2021-10-23,Snap-on Incorpo..,SNA,"561,736",0.03,35.53
441,2021-10-23,Tapestry Inc.,TPR,"2,879,309",0.03,88.57
442,2021-10-23,Universal Healt..,UHS,"806,592",0.03,21.22
443,2021-10-23,Lamb Weston Hol..,LW,"1,516,695",0.03,-17.17
444,2021-10-23,BorgWarner Inc.,BWA,"2,476,519",0.03,13.78
445,2021-10-23,Lincoln Nationa..,LNC,"1,869,566",0.03,119.35
446,2021-10-23,F5 Networks Inc..,FFIV,"638,344",0.03,63.42
447,2021-10-23,Mohawk Industri..,MHK,"611,438",0.03,92.68
448,2021-10-23,Pentair plc,PNR,"1,721,095",0.03,48.05
449,2021-10-23,Penn National G..,PENN,"1,541,683",0.03,18.22
450,2021-10-23,CF Industries H..,CF,"2,217,527",0.03,118.97
451,2021-10-23,Marathon Oil Co..,MRO,"8,180,965",0.03,304.39
452,2021-10-23,Mosaic Company,MOS,"3,575,652",0.03,122.16
453,2021-10-23,Henry Schein In..,HSIC,"1,476,019",0.03,25.57
454,2021-10-23,W. R. Berkley C..,WRB,"1,452,396",0.03,26.34
455,2021-10-23,Norwegian Cruis..,NCLH,"3,766,058",0.03,49.97
456,2021-10-23,DISH Network Co..,DISH,"2,563,906",0.03,61.46
457,2021-10-23,DXC Technology ..,DXC,"2,638,084",0.03,74.24
458,2021-10-23,Newell Brands I..,NWL,"3,916,178",0.03,29.00
459,2021-10-23,Regency Centers..,REG,"1,636,436",0.03,88.53
460,2021-10-23,NRG Energy Inc.,NRG,"2,535,242",0.03,26.74
461,2021-10-23,Molson Coors Be..,TAP,"1,950,594",0.03,28.48
462,2021-10-23,Everest Re Grou..,RE,"414,442",0.03,36.72
463,2021-10-23,News Corporatio..,NWSA,"4,053,186",0.03,72.54
464,2021-10-23,Robert Half Int..,RHI,"1,172,133",0.03,103.60
465,2021-10-23,Comerica Incorp..,CMA,"1,442,030",0.03,108.42
466,2021-10-23,Invesco Ltd.,IVZ,"3,901,512",0.03,81.77
467,2021-10-23,A. O. Smith Cor..,AOS,"1,402,917",0.03,21.80
468,2021-10-23,NiSource Inc,NI,"4,003,771",0.03,6.23
469,2021-10-23,Western Union C..,WU,"4,258,280",0.03,-9.86
470,2021-10-23,Assurant Inc.,AIZ,"628,440",0.03,34.69
471,2021-10-23,Pinnacle West C..,PNW,"1,167,729",0.03,-19.94
472,2021-10-23,Campbell Soup C..,CPB,"2,103,315",0.03,-14.76
473,2021-10-23,Sealed Air Corp..,SEE,"1,605,031",0.02,44.50
474,2021-10-23,Globe Life Inc.,GL,"984,738",0.02,10.78
475,2021-10-23,Kimco Realty Co..,KIM,"4,481,347",0.02,107.59
476,2021-10-23,Juniper Network..,JNPR,"3,401,016",0.02,28.83
477,2021-10-23,Nielsen Holding..,NLSN,"3,707,460",0.02,43.16
478,2021-10-23,DaVita Inc.,DVA,"747,780",0.02,29.01
479,2021-10-23,Zions Bancorpor..,ZION,"1,701,518",0.02,120.86
480,2021-10-23,Franklin Resour..,BEN,"2,827,303",0.02,35.02
481,2021-10-23,Huntington Inga..,HII,"417,250",0.02,42.34
482,2021-10-23,Discovery Inc. ..,DISCK,"3,005,063",0.02,28.77
483,2021-10-23,Federal Realty ..,FRT,"720,160",0.02,63.63
484,2021-10-23,APA Corp.,APA,"3,915,877",0.02,204.18
485,2021-10-23,Organon & Co.,OGN,"2,620,891",0.02,"3,566.00"
486,2021-10-23,PVH Corp.,PVH,"736,742",0.02,82.29
487,2021-10-23,Rollins Inc.,ROL,"2,294,453",0.02,-0.97
488,2021-10-23,IPG Photonics C..,IPGP,"372,410",0.02,-15.48
489,2021-10-23,Alaska Air Grou..,ALK,"1,287,034",0.02,35.58
490,2021-10-23,Vornado Realty ..,VNO,"1,626,379",0.02,39.70
491,2021-10-23,People's United..,PBCT,"4,409,642",0.02,77.27
492,2021-10-23,Cabot Oil & Gas..,COG,"4,138,407",0.02,16.01
493,2021-10-23,Gap Inc.,GPS,"2,131,848",0.02,21.01
494,2021-10-23,Leggett & Platt..,LEG,"1,378,280",0.02,8.17
495,2021-10-23,Hanesbrands Inc..,HBI,"3,614,366",0.02,-2.43
496,2021-10-23,Perrigo Co. Plc,PRGO,"1,379,720",0.02,1.72
497,2021-10-23,NOV Inc.,NOV,"4,023,028",0.02,65.26
498,2021-10-23,Unum Group,UNM,"2,110,867",0.02,48.43
499,2021-10-23,Ralph Lauren Co..,RL,"499,734",0.02,64.15
500,2021-10-23,U.S. Dollar,CASH_USD,"57,067,884",0.01,NA
501,2021-10-23,Fox Corporation..,FOX,"1,592,933",0.01,47.74
502,2021-10-23,Discovery Inc. ..,DISCA,"1,676,163",0.01,21.14
503,2021-10-23,Under Armour In..,UAA,"1,958,798",0.01,48.35
504,2021-10-23,Under Armour In..,UA,"2,033,074",0.01,47.98
505,2021-10-23,News Corporatio..,NWS,"1,271,842",0.01,75.76
